id,action,adminaccount,arrivaldate,hasfinished,kickedout,name,numberassociationsleft,superuser,groupement_id,member_id,pool_id,receive_order
194,f,f,2017-01-14 19:06:39.56,f,f,dahlia_0,1,f,1,18,3,0
230,f,f,2017-01-14 19:54:10.433,f,f,Norhatimah_0,2,f,1,45,3,1
248,f,f,2017-01-14 19:59:43.429,f,f,Azmil_0,1,f,1,53,3,2
250,f,f,2017-01-15 17:30:06.184,f,f,Shereza_0,2,f,1,48,3,3
184,f,f,2017-01-15 18:03:18.088,f,f,perentas_0,1,f,1,10,3,4
252,f,f,2017-01-15 18:08:15.017,f,f,Aqella94_0,1,f,1,59,3,5
236,f,f,2017-01-15 18:15:07.69,f,f,Rokiah_0,2,f,1,41,3,6
287,f,f,2017-01-15 18:17:41.541,f,f,Izaonn_0,1,f,1,34,3,7
285,f,f,2017-01-15 18:17:47.889,f,f,Nollyjeff_0,3,f,1,64,3,8
280,f,f,2017-01-15 18:18:20.514,f,f,Rusmahl_0,3,f,1,62,3,9
226,f,f,2017-01-15 18:19:48.056,f,f,Kalsom_0,4,f,1,31,3,10
325,f,f,2017-01-15 18:32:43.451,f,f,Fawwaz_0,4,f,1,93,3,11
278,f,f,2017-01-15 18:35:35.063,f,f,Mtermizi_0,2,f,1,69,3,12
272,f,f,2017-01-15 18:35:42.884,f,f,Yuslinda2_0,4,f,1,43,3,13
274,f,f,2017-01-15 18:35:46.948,f,f,Shaffiq_0,4,f,1,61,3,14
276,f,f,2017-01-15 18:36:00.744,f,f,Hasnizam_0,4,f,1,36,3,15
246,f,f,2017-01-15 18:37:24.025,f,f,Nizangajis_0,4,f,1,35,3,16
244,f,f,2017-01-15 18:37:27.158,f,f,Zamiramzar_0,4,f,1,38,3,17
336,f,f,2017-01-15 18:39:17.891,f,f,Shashashahirah_0,4,f,1,99,3,18
334,f,f,2017-01-15 18:39:23.546,f,f,Nadhrah_0,4,f,1,98,3,19
332,f,f,2017-01-15 18:39:27.171,f,f,Azmanura_0,4,f,1,32,3,20
330,f,f,2017-01-15 18:39:34.862,f,f,Aiman_0,4,f,1,95,3,21
344,f,f,2017-01-15 18:41:24.165,f,f,Amier_0,4,f,1,97,3,22
342,f,f,2017-01-15 18:41:28.974,f,f,Samsuddinkalil_0,4,f,1,113,3,23
340,f,f,2017-01-15 18:41:36.976,f,f,Zaly_0,4,f,1,139,3,24
338,f,f,2017-01-15 18:41:42.384,f,f,Frangy_0,4,f,1,115,3,25
352,f,f,2017-01-15 18:43:39.899,f,f,Azira_0,4,f,1,130,3,26
350,f,f,2017-01-15 18:43:44.23,f,f,Nikewlw_0,4,f,1,142,3,27
348,f,f,2017-01-15 18:43:58.523,f,f,Faizalfx_0,4,f,1,103,3,28
346,f,f,2017-01-15 18:44:06.051,f,f,Ctykhalil_0,4,f,1,114,3,29
413,f,f,2017-01-15 18:46:18.537,f,f,Najhan_0,4,f,1,108,3,30
411,f,f,2017-01-15 18:46:29.337,f,f,Shahrin_0,4,f,1,165,3,31
409,f,f,2017-01-15 18:46:32.38,f,f,Nazizul_0,4,f,1,70,3,32
407,f,f,2017-01-15 18:46:39.994,f,f,Nuraazhar_0,4,f,1,144,3,33
319,f,f,2017-01-15 18:51:22.056,f,f,Ummusalma_0,4,f,1,56,3,34
317,f,f,2017-01-15 18:51:26.439,f,f,Edzua_0,4,f,1,75,3,35
315,f,f,2017-01-15 18:51:29.159,f,f,Juneahmed_0,4,f,1,54,3,36
313,f,f,2017-01-15 18:51:32.498,f,f,Haidawati_0,4,f,1,46,3,37
212,f,f,2017-01-15 18:52:34.837,f,f,Faisal_0,4,f,1,25,3,38
214,f,f,2017-01-15 18:52:51.194,f,f,Danni_0,4,f,1,26,3,39
421,f,f,2017-01-15 18:55:47.579,f,f,Maikah_0,4,f,1,101,3,40
419,f,f,2017-01-15 18:55:52.784,f,f,Shukur_0,4,f,1,92,3,41
417,f,f,2017-01-15 18:55:56.098,f,f,Sobbenson_0,4,f,1,118,3,42
415,f,f,2017-01-15 18:56:01.315,f,f,Maimon_0,4,f,1,163,3,43
262,f,f,2017-01-15 19:05:16.527,f,f,Mnaim_0,4,f,1,71,3,44
260,f,f,2017-01-15 19:05:21.455,f,f,Yuslinda_0,4,f,1,42,3,45
399,f,f,2017-01-15 19:10:08.83,f,f,Rasheedy_0,4,f,1,150,3,46
397,f,f,2017-01-15 19:10:14.043,f,f,Aysha_0,4,f,1,152,3,47
395,f,f,2017-01-15 19:10:19.293,f,f,Ashnasir_0,4,f,1,146,3,48
393,f,f,2017-01-15 19:10:23.61,f,f,Azmiaris_0,4,f,1,160,3,49
270,f,f,2017-01-15 19:25:48.709,f,f,Jeff_0,4,f,1,63,3,50
268,f,f,2017-01-15 19:25:58.257,f,f,Soraya_0,4,f,1,55,3,51
266,f,f,2017-01-15 19:26:01.838,f,f,Mawarny_0,4,f,1,73,3,52
264,f,f,2017-01-15 19:26:05.286,f,f,Azleena_0,4,f,1,74,3,53
299,f,f,2017-01-15 19:43:33.767,f,f,69MTC2_0,4,f,1,84,3,54
297,f,f,2017-01-15 19:43:41.447,f,f,69zmamamia_0,4,f,1,83,3,55
301,f,f,2017-01-15 19:43:47.289,f,f,Anthony_0,4,f,1,78,3,56
358,f,f,2017-01-15 20:06:58.545,f,f,Mkamal_0,4,f,1,155,3,57
356,f,f,2017-01-15 20:07:04.333,f,f,Azhar19_0,4,f,1,105,3,58
354,f,f,2017-01-15 20:07:07.333,f,f,Rusita_0,4,f,1,141,3,59
374,f,f,2017-01-15 20:08:27.318,f,f,Buildup_0,4,f,1,134,3,60
372,f,f,2017-01-15 20:08:30.621,f,f,Shukryramli_0,4,f,1,145,3,61
370,f,f,2017-01-15 20:08:34.324,f,f,Asmani_0,4,f,1,131,3,62
368,f,f,2017-01-15 20:08:37.402,f,f,Zaifida_0,4,f,1,138,3,63
366,f,f,2017-01-15 20:08:41.364,f,f,Adikam_0,4,f,1,107,3,64
364,f,f,2017-01-15 20:08:44.648,f,f,Naim_0,4,f,1,109,3,65
362,f,f,2017-01-15 20:08:47.756,f,f,Amran_0,4,f,1,111,3,66
389,f,f,2017-01-15 20:09:52.658,f,f,Azidarep_0,4,f,1,158,3,67
387,f,f,2017-01-15 20:09:54.94,f,f,Unicorn12_0,4,f,1,100,3,68
385,f,f,2017-01-15 20:10:02.788,f,f,Juliana_0,4,f,1,135,3,69
383,f,f,2017-01-15 20:10:05.906,f,f,Wanmus_0,4,f,1,123,3,70
381,f,f,2017-01-15 20:10:09.067,f,f,Adibabu_0,4,f,1,104,3,71
379,f,f,2017-01-15 20:10:13.468,f,f,Mimie_0,4,f,1,124,3,72
377,f,f,2017-01-15 20:10:16.329,f,f,Sone_0,4,f,1,122,3,73
295,f,f,2017-01-15 20:11:29.51,f,f,JoAlice_0,4,f,1,81,3,74
293,f,f,2017-01-15 20:11:32.543,f,f,ZCT_0,4,f,1,79,3,75
291,f,f,2017-01-15 20:11:34.745,f,f,Jovita_0,4,f,1,40,3,76
289,f,f,2017-01-15 20:11:40.402,f,f,Rahman96_0,4,f,1,58,3,77
258,f,f,2017-01-15 20:12:58.669,f,f,Maija_0,4,f,1,67,3,78
256,f,f,2017-01-15 20:13:08.558,f,f,Atikah_0,4,f,1,68,3,79
311,f,f,2017-01-15 20:14:48.692,f,f,Ainalyaqin_0,4,f,1,37,3,80
309,f,f,2017-01-15 20:14:53.953,f,f,Jovinia_0,4,f,1,82,3,81
307,f,f,2017-01-15 20:14:58.049,f,f,Hisham_0,4,f,1,90,3,82
305,f,f,2017-01-15 20:15:00.437,f,f,69MTC_0,4,f,1,89,3,83
429,f,f,2017-01-15 20:16:05.43,f,f,Puspaz_0,4,f,1,164,3,84
427,f,f,2017-01-15 20:16:09.402,f,f,Yusuflatiff_0,4,f,1,77,3,85
425,f,f,2017-01-15 20:16:11.711,f,f,Rajanoora_0,4,f,1,120,3,86
423,f,f,2017-01-15 20:16:16.706,f,f,Ralis_0,4,f,1,76,3,87
327,f,f,2017-01-15 20:19:10.988,f,f,Keyreen_0,4,f,1,94,3,88
323,f,f,2017-01-15 20:19:16.399,f,f,Rosziana_0,4,f,1,47,3,89
391,f,f,2017-01-15 20:19:56.839,f,f,Paqdil_0,4,f,1,106,3,90
403,f,f,2017-01-15 20:21:03.424,f,f,Rokiahi_0,4,f,1,72,3,91
401,f,f,2017-01-15 20:21:05.821,f,f,Rasheedy2_0,4,f,1,151,3,92
405,f,f,2017-01-15 20:21:45.324,f,f,Roshaida2_0,4,f,1,86,3,93
467,f,f,2017-01-25 18:39:43.611,f,f,Adlyariff_0,4,f,1,132,3,94
303,f,f,2017-01-25 18:53:03.618,f,f,Shamsudin_0,4,f,1,87,3,95
469,f,f,2017-01-25 19:46:57.223,f,f,Nurshakila_0,4,f,1,119,3,96
532,f,f,2017-01-26 06:00:59.514,f,f,Nuramelia_0,4,f,1,518,3,97
552,f,f,2017-01-26 06:06:07.978,f,f,Nizanol_0,4,f,1,487,3,98
550,f,f,2017-01-26 06:07:46.724,f,f,Jamali_0,4,f,1,496,3,99
561,f,f,2017-01-26 06:10:07.801,f,f,Ctbaizura_0,4,f,1,488,3,100
477,f,f,2017-01-26 06:15:52.378,f,f,Manis_0,4,f,1,169,3,101
526,f,f,2017-01-27 20:15:32.751,f,f,Mizzuddin_0,4,f,1,517,3,102
538,f,f,2017-01-27 20:15:40.126,f,f,Romlihasan_0,4,f,1,501,3,103
530,f,f,2017-01-27 20:16:57.394,f,f,Azreen_0,4,f,1,507,3,104
579,f,f,2017-01-27 20:25:19.387,f,f,Aiminadiah_0,4,f,1,154,3,105
577,f,f,2017-01-27 20:25:25.223,f,f,Faridahanum_0,4,f,1,528,3,106
573,f,f,2017-01-27 20:25:30.38,f,f,Aridzuan_0,4,f,1,484,3,107
575,f,f,2017-01-27 20:25:35.143,f,f,Sitijuliana_0,4,f,1,516,3,108
554,f,f,2017-01-27 20:43:09.54,f,f,Iqone_0,4,f,1,536,3,109
513,f,f,2017-01-27 20:45:34.737,f,f,Syazwan_0,4,f,1,480,3,110
500,f,f,2017-01-27 20:45:42.084,f,f,Ruzaidi_0,4,f,1,495,3,111
523,f,f,2017-01-27 20:46:33.541,f,f,Nikamirul_0,4,f,1,520,3,112
192,f,f,2017-02-07 04:55:38.324,f,f,Justin_0,4,f,1,162,3,113
571,f,f,2017-02-16 19:41:56.628,f,f,Jazleena_0,4,f,1,557,3,114
569,f,f,2017-02-16 19:42:08.787,f,f,Azleena2_0,4,f,1,149,3,115
556,f,f,2017-02-16 20:09:02.968,f,f,Iwan_0,4,f,1,110,3,116
463,f,f,2017-02-17 15:11:45.982,f,f,Matmatmat_0,4,f,1,91,3,117
635,f,f,2017-02-17 15:20:54.448,f,f,Ummu_0,4,f,1,633,3,118
583,f,f,2017-02-17 15:28:20.119,f,f,Nurmariany_0,4,f,1,535,3,119
540,f,f,2017-02-18 19:49:38.124,f,f,Nornajwa_0,4,f,1,509,3,120
542,f,f,2017-02-18 19:49:58.648,f,f,Mirahani_0,4,f,1,502,3,121
544,f,f,2017-02-18 19:51:00.445,f,f,Ibrahimuban_0,4,f,1,514,3,122
546,f,f,2017-02-18 19:51:29.134,f,f,Ctnor_0,4,f,1,508,3,123
632,f,f,2017-04-23 08:17:30.324,f,f,Thyra_0,4,f,1,630,3,124
640,f,f,2017-04-23 16:31:33.089,f,f,Ehiat_0,4,f,1,637,3,125
603,f,f,2017-04-23 16:37:31.585,f,f,Jaychinta_0,4,f,1,147,3,126
548,f,f,2017-04-23 16:45:29.572,f,f,Rubi_0,4,f,1,534,3,127
178,f,f,2017-01-15 18:10:46.454,f,f,fadzli2_0,4,f,1,7,4,0
202,f,f,2017-01-15 19:23:04.085,f,f,roshaida_0,2,f,1,16,4,1
218,f,f,2017-01-15 19:27:49.446,f,f,Shahida_0,4,f,1,28,4,2
182,f,f,2017-01-15 19:30:54.498,f,f,yasmin2_0,4,f,1,9,4,3
208,f,f,2017-01-15 19:33:23.48,f,f,effi_0,4,f,1,23,4,4
216,f,f,2017-01-15 19:33:35.888,f,f,Izwan_0,4,f,1,27,4,5
238,f,f,2017-01-15 19:48:22.122,f,f,Arisha_0,4,f,1,52,4,6
242,f,f,2017-01-15 19:51:29.619,f,f,Azraai_0,4,f,1,51,4,7
232,f,f,2017-01-15 19:51:38.613,f,f,Noriati_0,4,f,1,44,4,8
210,f,f,2017-01-15 19:52:01.308,f,f,genevieve_0,4,f,1,24,4,9
222,f,f,2017-01-15 19:55:56.938,f,f,Filza_0,4,f,1,33,4,10
204,f,f,2017-01-15 19:56:03.609,f,f,nizam_0,4,f,1,17,4,11
198,f,f,2017-01-15 19:57:23.934,f,f,jacq_0,4,f,1,20,4,12
220,f,f,2017-01-15 20:00:02.088,f,f,Azmalisa_0,4,f,1,29,4,13
224,f,f,2017-01-15 20:03:02.088,f,f,Azmalisa_0,4,f,1,30,4,14
360,f,f,2017-01-15 20:08:47.762,f,f,Yasmin3_0,4,t,1,359,4,15
375,f,f,2017-01-15 20:10:16.334,f,f,fadzli3_0,4,t,1,21,4,16
190,f,f,2017-01-16 15:30:42.281,f,f,snnurain_0,4,f,1,13,4,17
196,f,f,2017-01-25 21:33:57.721,f,f,faridah_0,4,f,1,19,4,18
206,f,f,2017-01-26 05:26:41.182,f,f,Rizal_0,4,f,1,22,4,19
240,f,f,2017-01-27 19:56:17.525,f,f,Maktok_0,4,f,1,49,4,20
228,f,f,2017-01-27 20:04:56.068,f,f,Farhansadiq_0,4,f,1,39,4,21
200,f,f,2017-01-27 21:22:41.49,f,f,atasha_0,4,f,1,15,4,22
283,f,f,2017-01-28 14:43:34.973,f,f,Faridah2_0,4,f,1,281,4,23
180,f,f,2017-02-07 04:58:47.534,f,f,yasmin_0,4,f,1,8,4,24
234,f,f,2017-02-16 19:12:02.631,f,f,Ghaniyya_0,4,f,1,50,4,25
254,f,f,2017-04-23 16:14:30.408,f,f,Bella97_0,4,f,1,60,4,26
174,f,f,2017-01-15 18:12:32.777,f,f,default_0,1,t,1,2,5,0
176,f,f,2017-01-15 20:02:46.696,f,f,fadzli_0,4,f,1,6,5,1
186,f,f,2017-01-15 20:03:19.353,f,f,shahsovi_0,4,f,1,11,5,2
188,f,f,2017-01-27 20:03:54.604,f,f,saifuldin_0,4,f,1,12,5,3
